City_ID,City,Country,Lat,Lng,Max Temp,Humidity,Cloudiness,Wind Speed,Current Description
0,Port Elizabeth,ZA,-33.918,25.5701,59.0,94,90,4.61,fog
1,Busselton,AU,-33.65,115.3333,68.0,73,21,1.99,few clouds
2,Murmashi,RU,68.8154,32.8115,28.4,54,0,6.71,clear sky
3,Teya,RU,60.3778,92.6267,28.45,78,94,7.47,overcast clouds
4,Beitbridge,ZW,-22.2167,30.0,66.4,68,0,0.67,clear sky
5,Ouahigouya,BF,13.5828,-2.4216,84.13,30,50,9.28,scattered clouds
6,Atuona,PF,-9.8,-139.0333,81.0,73,14,19.66,few clouds
7,Ushuaia,AR,-54.8,-68.3,41.0,65,40,3.44,light snow
8,Korla,CN,41.7597,86.1469,62.29,20,9,9.4,clear sky
9,Mataura,NZ,-46.1927,168.8643,63.0,71,33,5.01,scattered clouds
10,Cape Town,ZA,-33.9258,18.4232,64.0,88,0,8.05,clear sky
11,Tiksi,RU,71.6872,128.8694,14.29,89,53,2.55,broken clouds
12,Severo-Kurilsk,RU,50.6789,156.125,38.91,93,100,24.05,light rain
13,Cidreira,BR,-30.1811,-50.2056,71.02,71,96,19.51,overcast clouds
14,Bredasdorp,ZA,-34.5322,20.0403,51.8,100,96,2.3,overcast clouds
15,Tucupita,VE,9.0622,-62.051,73.35,91,80,3.04,broken clouds
16,Binabalian,PH,16.4202,119.9279,83.68,68,18,2.04,few clouds
17,Tommot,RU,58.9564,126.2925,32.74,75,100,9.98,light snow
18,New Norfolk,AU,-42.7826,147.0587,54.0,73,14,1.99,few clouds
19,Odweyne,SO,9.4092,45.064,68.94,64,30,9.66,scattered clouds
20,Alofi,NU,-19.0595,-169.9187,82.4,61,40,5.75,scattered clouds
21,Tura,IN,25.5198,90.2201,87.28,39,92,6.6,overcast clouds
22,La Ronge,CA,55.1001,-105.2842,42.8,26,78,4.61,broken clouds
23,Biltine,TD,14.5333,20.9167,76.42,10,0,11.32,clear sky
24,Yulara,AU,-25.2406,130.9889,64.4,63,75,17.27,broken clouds
25,Tingo Maria,PE,-9.2895,-76.0088,68.79,98,100,1.97,overcast clouds
26,Provideniya,RU,64.3833,-173.3,23.0,68,0,4.47,clear sky
27,Asuncion,PY,-25.3007,-57.6359,75.2,88,0,3.44,clear sky
28,Kodiak,US,57.79,-152.4072,42.8,70,75,5.75,light rain
29,Avarua,CK,-21.2078,-159.775,82.4,65,20,6.91,few clouds
30,Cabo San Lucas,MX,22.8909,-109.9124,84.2,37,1,5.75,clear sky
31,Lagoa,PT,39.05,-27.9833,60.55,88,48,11.27,scattered clouds
32,Qaanaaq,GL,77.484,-69.3632,-11.49,61,0,7.83,clear sky
33,Biharamulo,TZ,-2.6319,31.3089,59.34,95,99,2.84,overcast clouds
34,Ternate,ID,0.8,127.4,82.36,76,39,10.33,scattered clouds
35,Albany,US,42.6001,-73.9662,57.2,54,75,1.83,broken clouds
36,Port Alfred,ZA,-33.5906,26.891,66.47,82,44,7.34,scattered clouds
37,Bluff,NZ,-46.6,168.3333,63.0,71,84,5.01,broken clouds
38,Valparaiso,CL,-33.0393,-71.6273,57.99,80,7,9.95,clear sky
39,Callaguip,PH,18.0714,120.4867,87.8,70,20,6.91,few clouds
40,Hilo,US,19.7297,-155.09,80.6,54,1,11.5,clear sky
41,Hermanus,ZA,-34.4187,19.2345,61.0,90,82,7.78,broken clouds
42,Touros,BR,-5.1989,-35.4608,77.0,94,20,3.44,light rain
43,Puerto Ayora,EC,-0.7393,-90.3518,76.03,90,24,3.24,few clouds
44,Madang,PG,-5.2246,145.7966,83.88,73,93,3.71,overcast clouds
45,Dikson,RU,73.5069,80.5464,-14.12,99,100,8.39,overcast clouds
46,Tessalit,ML,20.1986,1.0114,84.24,9,2,5.66,clear sky
47,East London,ZA,-33.0153,27.9116,66.67,84,3,6.73,clear sky
48,Lebu,CL,-37.6167,-73.65,54.75,92,100,3.96,light rain
49,Angoram,PG,-4.0625,144.0661,85.64,73,96,1.25,overcast clouds
50,Nokaneng,BW,-19.6667,22.2667,60.58,40,0,6.04,clear sky
51,Mareeba,AU,-17.0,145.4333,87.01,58,50,10.36,scattered clouds
52,Jurm,AF,36.8648,70.8342,52.23,69,100,1.41,overcast clouds
53,Coihaique,CL,-45.5752,-72.0662,42.21,97,27,6.38,scattered clouds
54,Sao Filipe,CV,14.8961,-24.4956,75.72,58,28,12.55,scattered clouds
55,Faanui,PF,-16.4833,-151.75,82.18,73,100,11.14,overcast clouds
56,Wamba,NG,8.9333,8.6,74.53,72,100,3.96,overcast clouds
57,Sterlibashevo,RU,53.4376,55.2578,45.07,71,3,5.75,clear sky
58,Tuktoyaktuk,CA,69.4541,-133.0374,30.2,80,90,9.22,overcast clouds
59,Ahipara,NZ,-35.1667,173.1667,65.98,62,42,10.6,scattered clouds
60,Rikitea,PF,-23.1203,-134.9692,78.58,71,11,7.11,few clouds
61,Ponta Do Sol,PT,32.6667,-17.1,64.4,63,20,5.75,few clouds
62,Les Cayes,HT,18.2,-73.75,72.27,64,2,7.34,clear sky
63,Bjornevatn,NO,69.6672,29.9847,24.8,68,87,10.36,overcast clouds
64,Bathsheba,BB,13.2167,-59.5167,77.0,73,20,8.05,few clouds
65,Kruisfontein,ZA,-34.0033,24.7314,58.48,92,2,2.77,clear sky
66,Vieux-Habitants,GP,16.0589,-61.7659,77.0,94,8,2.3,clear sky
67,Talnakh,RU,69.4865,88.3972,11.68,92,100,11.52,light snow
68,Leh,IN,34.1667,77.5833,35.76,60,99,2.57,overcast clouds
69,Coquimbo,CL,-29.9533,-71.3436,59.0,88,90,1.14,overcast clouds
70,Karratha,AU,-20.7377,116.8463,85.71,48,24,16.93,few clouds
71,Taoudenni,ML,22.6783,-3.9836,82.33,13,0,12.71,clear sky
72,Verkhnyaya Inta,RU,65.9811,60.3094,30.36,84,100,22.03,overcast clouds
73,Punta Arenas,CL,-53.15,-70.9167,39.2,87,0,10.36,clear sky
74,Longyearbyen,SJ,78.2186,15.6401,6.8,61,40,13.8,scattered clouds
75,Fairbanks,US,64.8378,-147.7164,46.4,56,90,6.91,haze
76,Penzance,GB,50.1186,-5.5371,46.0,93,8,6.91,clear sky
77,Meiktila,MM,20.8667,95.8667,89.51,39,100,10.83,overcast clouds
78,Rawson,AR,-43.3002,-65.1023,66.92,47,77,7.07,broken clouds
79,Havoysund,NO,70.9963,24.6622,28.4,69,90,3.44,overcast clouds
80,Makakilo City,US,21.3469,-158.0858,80.6,47,40,11.5,scattered clouds
81,Te Anau,NZ,-45.4167,167.7167,55.44,80,90,6.58,overcast clouds
82,Nikolskoye,RU,59.7035,30.7861,35.6,64,0,4.47,clear sky
83,Pilar,BR,-9.5972,-35.9567,75.2,94,75,5.75,moderate rain
84,Dunedin,NZ,-45.8742,170.5036,61.0,72,20,5.99,few clouds
85,Lufilufi,WS,-13.8745,-171.5986,91.4,62,75,9.19,broken clouds
86,Najran,SA,17.4924,44.1277,77.0,36,0,11.5,clear sky
87,Vaini,TO,-21.2,-175.2,82.4,69,20,8.05,few clouds
88,Portel,BR,-1.9356,-50.8211,74.48,96,96,2.53,overcast clouds
89,Gizo,SB,-8.103,156.8419,83.61,73,40,7.63,light rain
90,Nianzishan,CN,47.5167,122.8833,46.99,36,100,11.68,overcast clouds
91,Cabedelo,BR,-6.9811,-34.8339,77.0,100,20,4.61,few clouds
92,Tautira,PF,-17.7333,-149.15,82.4,74,75,8.05,broken clouds
93,Norman Wells,CA,65.282,-126.8329,50.0,37,75,10.36,broken clouds
94,San Patricio,US,28.017,-97.5169,75.99,94,75,9.22,broken clouds
95,Charters Towers,AU,-20.1,146.2667,83.98,23,6,8.28,clear sky
96,Jagdalpur,IN,19.0667,82.0333,82.35,34,83,5.48,broken clouds
97,Illela,NG,13.7292,5.2975,81.61,6,78,10.22,broken clouds
98,Kavieng,PG,-2.5744,150.7967,84.07,69,86,7.36,overcast clouds
99,Libenge,CD,3.65,18.6333,71.42,81,84,2.89,light rain
100,Lakatoro,VU,-16.0999,167.4164,85.33,67,13,8.88,few clouds
101,Pemangkat,ID,1.1667,108.9667,84.63,67,93,2.13,overcast clouds
102,Caceres,ES,39.522,-6.3748,55.62,97,100,0.43,light rain
103,Geraldton,AU,-28.7667,114.6,73.4,35,0,21.85,clear sky
104,Nakhon Si Thammarat,TH,8.25,100.0,88.0,70,20,3.85,few clouds
105,Mazamitla,MX,19.9167,-103.0333,58.66,44,19,3.96,few clouds
106,Louga,RU,58.7372,29.8453,34.3,75,99,7.94,overcast clouds
107,Barrow,US,71.2906,-156.7887,15.8,73,1,13.8,clear sky
108,Avera,US,33.194,-82.5271,73.4,40,90,8.05,overcast clouds
109,Sitka,US,57.0531,-135.33,42.8,81,90,6.91,light rain
110,Carnarvon,AU,-24.8667,113.6333,82.74,40,0,18.21,clear sky
111,Tasiilaq,GL,65.6145,-37.6368,32.0,93,90,21.85,snow
112,Khatanga,RU,71.9667,102.5,-3.69,92,56,9.86,broken clouds
113,Ngorongoro,TZ,-3.2397,35.4875,49.91,96,100,3.06,overcast clouds
114,San Juan,AR,-31.5375,-68.5364,69.73,40,0,4.41,clear sky
115,Batticaloa,LK,7.7102,81.6924,81.57,73,66,4.54,broken clouds
116,Vao,NC,-22.6667,167.4833,74.95,79,78,19.91,broken clouds
117,Aklavik,CA,68.2191,-135.0107,35.6,60,100,1.14,overcast clouds
118,Chapais,CA,49.7834,-74.8492,44.6,45,1,4.61,clear sky
119,Aguimes,ES,27.9054,-15.4461,68.0,72,40,11.5,scattered clouds
120,Brora,GB,58.0099,-3.8518,36.0,93,34,4.61,scattered clouds
121,Jhalrapatan,IN,24.55,76.1667,87.82,21,72,5.61,broken clouds
122,Sioux Lookout,CA,50.1001,-91.917,28.4,93,90,6.91,light snow
123,Ouadda,CF,8.0777,22.4007,69.08,12,60,3.65,broken clouds
124,Saint-Philippe,RE,-21.3585,55.7679,75.2,78,0,5.75,light rain
125,Salalah,OM,17.0151,54.0924,77.0,78,20,4.61,few clouds
126,Port Lincoln,AU,-34.7333,135.8667,67.62,48,20,13.2,few clouds
127,Coahuayana,MX,18.7333,-103.6833,70.99,88,0,1.59,clear sky
128,Hofn,IS,64.2539,-15.2082,43.54,88,100,10.63,overcast clouds
129,Basoko,CD,1.2391,23.616,70.36,90,71,3.74,broken clouds
130,Kapoeta,SS,4.7717,33.5903,76.35,62,49,11.05,scattered clouds
131,Sherlovaya Gora,RU,50.5667,116.25,34.0,49,100,2.59,overcast clouds
132,Los Llanos De Aridane,ES,28.6585,-17.9182,68.0,64,20,13.0,few clouds
133,Komsomolskiy,UZ,40.4272,71.7189,62.6,48,100,6.93,overcast clouds
134,Sycamore,US,41.9889,-88.6868,41.0,65,90,10.36,overcast clouds
135,Horsham,GB,51.064,-0.3272,35.6,87,20,4.61,few clouds
136,Pendencias,BR,-5.26,-36.7222,74.41,92,65,5.66,broken clouds
137,Thompson,CA,55.7435,-97.8558,30.2,34,20,2.3,few clouds
138,Acarau,BR,-2.8856,-40.12,77.83,86,94,10.47,overcast clouds
139,Saint George,US,37.1041,-113.5841,66.2,16,1,10.36,clear sky
140,San Rafael Del Sur,NI,11.8485,-86.4384,86.0,54,40,11.5,scattered clouds
141,Klaksvik,FO,62.2266,-6.589,44.6,100,20,12.66,few clouds
142,Kavaratti,IN,10.5669,72.642,83.89,67,1,1.03,clear sky
143,Luis Correia,BR,-2.8792,-41.6669,78.44,86,85,11.32,overcast clouds
144,Port Hardy,CA,50.6996,-127.4199,53.6,54,40,12.66,scattered clouds
145,Hobart,AU,-42.8794,147.3294,59.0,38,20,20.71,few clouds
146,Verkhoyansk,RU,67.5447,133.385,14.29,75,98,1.92,overcast clouds
147,Mrakovo,RU,52.7161,56.6244,40.73,79,1,3.76,clear sky
148,Lasa,IT,46.6166,10.7002,36.0,74,75,5.75,snow
149,Jamestown,US,42.097,-79.2353,46.99,49,90,10.36,overcast clouds
150,Vestmannaeyjar,IS,63.4427,-20.2734,44.06,92,100,29.59,light rain
151,Ekibastuz,KZ,51.6667,75.3667,47.52,67,4,5.82,clear sky
152,Castro,BR,-24.7911,-50.0119,53.02,98,96,5.08,overcast clouds
153,Aragarcas,BR,-15.8975,-52.2508,73.4,88,0,1.03,clear sky
154,Ilulissat,GL,69.2167,-51.1,15.8,57,75,17.27,broken clouds
155,Portoferraio,IT,42.8115,10.3146,46.99,50,27,3.0,scattered clouds
156,Hovd,MN,48.0056,91.6419,41.63,24,36,4.83,scattered clouds
157,Camana,PE,-16.6228,-72.7111,67.51,85,81,5.41,broken clouds
158,Dawei,MM,14.0833,98.2,86.9,62,94,1.59,light rain
159,Lompoc,US,34.6391,-120.4579,55.4,62,50,11.5,scattered clouds
160,Georgetown,MY,5.4112,100.3354,86.0,74,20,4.61,few clouds
161,Yellowknife,CA,62.456,-114.3525,41.0,38,1,3.44,clear sky
162,Iwanai,JP,42.9744,140.5089,44.38,66,58,15.75,broken clouds
163,Blackfoot,US,43.1905,-112.345,37.0,76,100,1.01,overcast clouds
164,Linxia,CN,35.6003,103.2064,50.68,37,77,7.58,broken clouds
165,Colac,AU,-38.3333,143.5833,61.0,98,87,14.34,light rain
166,Brownfield,US,33.1812,-102.2744,46.99,97,100,13.0,overcast clouds
167,Nagai,JP,38.1036,140.035,57.99,40,40,4.61,scattered clouds
168,Clyde River,CA,70.4692,-68.5914,-7.6,77,1,18.41,clear sky
169,Grindavik,IS,63.8424,-22.4338,44.6,93,90,24.16,overcast clouds
170,Butaritari,KI,3.0707,172.7902,82.0,76,50,7.16,light rain
171,Bengkulu,ID,-3.8004,102.2655,83.59,65,99,3.62,overcast clouds
172,Tondano,ID,1.3038,124.9112,87.8,58,20,9.22,few clouds
173,Christchurch,NZ,-43.5333,172.6333,62.01,77,90,10.36,moderate rain
174,Alugan,PH,12.2188,125.4808,81.82,82,100,6.89,overcast clouds
175,San Martin,AR,-33.081,-68.4681,64.4,63,0,3.44,clear sky
176,Hamilton,US,39.1834,-84.5333,52.0,71,1,3.44,clear sky
177,Pevek,RU,69.7008,170.3133,8.69,72,14,4.45,few clouds
178,Palmer,US,42.1584,-72.3287,53.6,62,75,6.91,broken clouds
179,Imeni Poliny Osipenko,RU,52.4201,136.4853,30.99,73,52,7.31,broken clouds
180,Wajima,JP,37.4,136.9,51.8,50,20,9.22,few clouds
181,Ancud,CL,-41.8697,-73.8203,46.99,100,90,2.3,fog
182,Mount Gambier,AU,-37.8333,140.7667,62.6,77,40,17.27,light rain
183,Bowen,AU,-20.0167,148.2333,80.6,61,40,14.97,scattered clouds
184,Joao Pinheiro,BR,-17.7425,-46.1725,67.84,70,97,8.14,overcast clouds
185,Cherskiy,RU,68.75,161.3,20.35,65,2,5.93,clear sky
186,Mehamn,NO,71.0357,27.8492,26.24,71,99,8.05,overcast clouds
187,Lavrentiya,RU,65.5833,-171.0,29.08,89,97,2.95,overcast clouds
188,Necochea,AR,-38.5473,-58.7368,57.0,84,0,3.0,clear sky
189,Fare,PF,-16.7,-151.0167,82.27,73,100,9.78,overcast clouds
190,Shetpe,KZ,44.1667,52.1167,52.9,61,79,9.95,broken clouds
191,Kapaa,US,22.0752,-159.319,78.8,57,20,16.11,few clouds
192,Meulaboh,ID,4.1363,96.1285,83.44,71,84,1.43,broken clouds
193,Do Gonbadan,IR,30.3586,50.7981,57.2,54,0,2.1,clear sky
194,Bishop Auckland,GB,54.6555,-1.6771,30.99,82,15,1.01,few clouds
195,Hasaki,JP,35.7333,140.8333,59.0,38,20,10.36,few clouds
196,Honningsvag,NO,70.9821,25.9704,30.69,57,100,7.85,overcast clouds
197,Taungdwingyi,MM,20.0167,95.55,90.3,39,98,5.93,overcast clouds
198,Ostersund,SE,63.1792,14.6357,28.4,86,13,5.75,few clouds
199,Kindu,CD,-2.95,25.95,67.28,99,90,2.51,overcast clouds
200,Gornopravdinsk,RU,60.05,69.9,48.29,86,25,9.95,scattered clouds
201,Waipawa,NZ,-41.4122,175.5153,62.6,67,55,17.27,broken clouds
202,Burnie,AU,-41.0667,145.9167,53.1,82,99,16.04,overcast clouds
203,Bonthe,SL,7.5264,-12.505,78.57,82,100,3.15,overcast clouds
204,Hukuntsi,BW,-24.0,21.75,64.2,38,0,4.85,clear sky
205,Manavgat,TR,36.7867,31.4431,53.6,94,20,3.44,few clouds
206,Bethel,US,41.3712,-73.414,60.8,55,90,5.75,overcast clouds
207,Saldanha,ZA,-33.0117,17.9442,68.0,56,64,3.44,broken clouds
208,Kango,GA,0.1943,10.0951,72.43,97,100,2.13,overcast clouds
209,Chanika,TZ,-5.4167,38.0167,66.65,96,98,4.12,overcast clouds
210,Saskylakh,RU,71.9167,114.0833,2.52,86,22,5.66,few clouds
211,Mosta,MT,35.9092,14.4256,57.0,82,0,3.44,clear sky
212,Gat,IL,31.61,34.7642,57.99,68,6,0.67,clear sky
213,Kahului,US,20.8947,-156.47,78.8,53,20,18.41,few clouds
214,Okitipupa,NG,6.5047,4.7839,76.91,93,100,3.11,overcast clouds
215,Chokurdakh,RU,70.6333,147.9167,7.74,81,83,6.58,broken clouds
216,Belmonte,BR,-15.8631,-38.8828,71.6,94,75,5.75,broken clouds
217,Vanimo,PG,-2.6741,141.3028,84.78,68,100,5.12,moderate rain
218,Qixingtai,CN,30.4135,111.8874,66.63,65,77,1.95,broken clouds
219,Port Keats,AU,-14.25,129.55,90.18,33,53,6.51,broken clouds
220,Cayenne,GF,4.9333,-52.3333,82.0,83,40,3.44,scattered clouds
221,Mandera,KE,3.9366,41.867,81.46,64,83,14.07,broken clouds
222,Fort Nelson,CA,58.8053,-122.7002,59.0,29,40,5.75,scattered clouds
223,Kholodnyy,RU,62.7167,147.95,9.9,57,100,2.53,overcast clouds
224,Alice Springs,AU,-23.7,133.8833,78.01,40,0,12.66,clear sky
225,La Paz,BO,-16.5,-68.15,46.33,81,93,3.22,overcast clouds
226,Kaitangata,NZ,-46.2817,169.8464,64.99,56,11,4.0,few clouds
227,Qasigiannguit,GL,68.8193,-51.1922,15.8,57,75,17.27,broken clouds
228,Victoria,HK,22.2855,114.1577,72.0,88,99,3.0,overcast clouds
229,Inhambane,MZ,-23.865,35.3833,70.97,80,1,2.93,clear sky
230,Beringovskiy,RU,63.05,179.3167,17.06,75,12,3.89,few clouds
231,Marau,BR,-28.4492,-52.2,62.47,66,99,4.03,overcast clouds
232,Mufumbwe,ZM,-13.6833,24.8,57.9,94,91,3.87,overcast clouds
233,Kjollefjord,NO,70.9457,27.3465,26.44,67,98,7.81,overcast clouds
234,Fortuna,US,40.5982,-124.1573,48.2,76,1,8.05,clear sky
235,Sarakhs,IR,36.5449,61.1577,51.8,54,0,6.13,clear sky
236,Luderitz,NA,-26.6481,15.1594,76.66,25,0,10.11,clear sky
237,Kalabo,ZM,-14.97,22.6814,63.21,87,84,5.64,broken clouds
238,Camacha,PT,33.0833,-16.3333,62.6,82,40,10.36,scattered clouds
239,Red Bluff,US,40.1785,-122.2358,71.6,18,1,8.05,clear sky
240,Laukaa,RU,58.7372,29.8453,34.3,75,99,7.94,overcast clouds
241,Chuy,UY,-33.6971,-53.4616,62.11,85,59,8.21,broken clouds
242,The Pas,CA,53.8251,-101.2541,33.8,51,90,3.44,overcast clouds
243,Bull Savanna,JM,17.8868,-77.5902,71.85,48,28,6.4,scattered clouds
244,Khor,RU,47.8861,134.9464,43.47,23,1,13.27,clear sky
245,Pochutla,MX,15.7432,-96.4661,81.0,64,67,5.01,broken clouds
246,Bollnas,SE,61.3482,16.3946,28.0,78,6,3.4,clear sky
247,Mezen,RU,65.8522,44.24,31.32,73,12,13.38,few clouds
248,Aripuana,BR,-9.1667,-60.6333,72.88,97,100,1.54,overcast clouds
249,San Vicente,AR,-26.6167,-54.1333,63.19,96,8,2.26,clear sky
250,Mwense,ZM,-10.3845,28.698,65.05,93,97,2.86,overcast clouds
251,Shingu,JP,33.7333,135.9833,57.2,38,75,8.05,broken clouds
252,Vaniyambadi,IN,12.6833,78.6167,76.73,75,100,3.65,moderate rain
253,Vardo,NO,70.3705,31.1107,26.6,74,0,19.57,light snow
254,Awjilah,LY,29.1081,21.2869,62.38,54,100,9.66,overcast clouds
255,Hithadhoo,MV,-0.6,73.0833,82.09,64,44,3.56,scattered clouds
256,Saint-Joseph,RE,-21.3667,55.6167,75.2,78,0,5.75,light rain
257,Iberia,US,29.9502,-91.7507,68.0,94,90,4.61,overcast clouds
258,Kremsmunster,AT,48.0529,14.1292,33.01,93,20,4.61,few clouds
259,Ngunguru,NZ,-35.6167,174.5,72.0,60,38,13.0,scattered clouds
260,Mattru,SL,7.6244,-11.8332,74.43,90,100,2.51,overcast clouds
261,Bambous Virieux,MU,-20.3428,57.7575,77.0,88,75,2.3,light rain
262,Samana,DO,19.2056,-69.3369,72.41,71,7,7.99,clear sky
263,Guerrero Negro,MX,27.9769,-114.0611,58.15,75,81,15.46,broken clouds
264,Goba,ET,7.0167,39.9833,47.88,78,11,5.14,few clouds
265,Nago,JP,26.5881,127.9761,73.4,64,90,14.97,overcast clouds
266,Ferkessedougou,CI,9.6,-5.2,77.9,64,84,5.39,broken clouds
267,Margate,GB,51.3813,1.3862,41.0,70,16,5.01,few clouds
268,Novoagansk,RU,61.9449,76.6625,40.73,99,100,16.4,overcast clouds
269,San Cristobal,VE,7.7669,-72.225,78.8,89,20,3.44,few clouds
270,Buarcos,PT,40.166,-8.8768,60.01,100,40,2.3,scattered clouds
271,Peniche,PT,39.3558,-9.3811,61.0,93,100,5.99,light rain
272,Prince George,CA,53.9166,-122.753,60.8,25,1,6.91,clear sky
273,Padang,ID,-0.9492,100.3543,82.69,74,83,1.3,broken clouds
274,Cuamba,MZ,-14.8031,36.5372,60.6,97,13,3.65,few clouds
275,Beidao,CN,34.5686,105.8933,48.0,70,100,8.99,overcast clouds
276,Atambua,ID,-9.1061,124.8925,81.43,53,54,1.72,broken clouds
277,Jacareacanga,BR,-6.2222,-57.7528,74.48,96,100,0.72,overcast clouds
278,Sawakin,SD,19.1059,37.3321,73.83,45,58,6.89,broken clouds
279,Ha Giang,VN,22.8333,104.9833,77.29,93,100,3.89,overcast clouds
280,Katsuura,JP,35.1333,140.3,60.8,29,40,12.66,scattered clouds
281,Mayumba,GA,-3.432,10.6554,78.1,88,100,5.08,overcast clouds
282,Torbay,CA,47.6666,-52.7314,33.01,100,90,9.22,light snow
283,Richards Bay,ZA,-28.783,32.0377,71.31,89,48,7.92,scattered clouds
284,Saint-Georges,GD,12.0564,-61.7485,80.6,83,20,13.8,few clouds
285,Bundaberg,AU,-24.85,152.35,78.8,47,0,8.05,clear sky
286,Henties Bay,NA,-22.116,14.2845,73.99,37,0,7.0,clear sky
287,Airai,TL,-8.9266,125.4092,72.37,42,67,3.13,broken clouds
288,Haines Junction,CA,60.7522,-137.5108,44.6,45,38,6.91,scattered clouds
289,Vila Velha,BR,-20.3297,-40.2925,73.4,78,0,10.36,clear sky
290,Narsaq,GL,60.9167,-46.05,32.0,74,22,1.14,few clouds
291,Sosnovo-Ozerskoye,RU,52.5249,111.5418,33.66,31,63,9.89,broken clouds
292,Esperance,AU,-33.8667,121.9,66.2,72,75,11.5,broken clouds
293,Mahebourg,MU,-20.4081,57.7,77.0,88,75,2.3,light rain
294,Cartagena,CO,10.3997,-75.5144,82.4,83,40,4.61,scattered clouds
295,Codrington,AU,-38.2667,141.9667,58.75,77,100,18.12,overcast clouds
296,Cooma,AU,-36.2333,149.1333,62.6,27,2,11.5,clear sky
297,Sao Joao Da Barra,BR,-21.6403,-41.0511,69.13,80,15,9.17,few clouds
298,Tilichiki,RU,60.4667,166.1,23.11,86,100,6.87,overcast clouds
299,Anadyr,RU,64.75,177.4833,12.2,62,0,2.24,clear sky
300,Nantucket,US,41.2835,-70.0995,41.0,93,75,4.61,broken clouds
301,Conde,BR,-7.2597,-34.9075,77.0,100,20,4.61,few clouds
302,Banjarmasin,ID,-3.3244,114.591,82.4,83,40,9.22,scattered clouds
303,Yumen,CN,40.2833,97.2,45.37,13,0,9.44,clear sky
304,Upernavik,GL,72.7868,-56.1549,-12.44,100,98,2.53,overcast clouds
305,Stornoway,GB,58.2093,-6.3865,33.8,93,75,6.6,broken clouds
306,High Level,CA,58.5169,-117.136,50.0,40,1,6.91,clear sky
307,Elmira,US,42.0898,-76.8077,53.6,54,90,8.05,overcast clouds
308,Zyryanka,RU,65.75,150.85,12.94,74,100,4.45,overcast clouds
309,Araouane,ML,18.9048,-3.5265,84.04,13,0,9.91,clear sky
310,Mogadishu,SO,2.0371,45.3438,81.64,70,98,7.47,overcast clouds
311,Uaua,BR,-9.8414,-39.4817,70.45,86,39,14.32,scattered clouds
312,Ponta Delgada,PT,37.7333,-25.6667,57.2,88,20,6.91,few clouds
313,Arraial Do Cabo,BR,-22.9661,-42.0278,73.69,64,49,4.74,scattered clouds
314,Fuyang,CN,32.9,115.8167,59.65,77,77,8.66,broken clouds
315,Fuerte Olimpo,PY,-21.0415,-57.8738,79.97,51,77,4.94,broken clouds
316,Leningradskiy,RU,69.3833,178.4167,14.22,88,86,5.68,overcast clouds
317,Riviere-Au-Renard,CA,48.9957,-64.3971,30.2,86,1,4.61,clear sky
318,Iquitos,PE,-3.7481,-73.2472,77.0,94,40,1.28,scattered clouds
319,Batemans Bay,AU,-35.7167,150.1833,70.0,72,2,4.0,clear sky
320,Sur,OM,22.5667,59.5289,85.77,39,2,4.18,clear sky
321,Saint-Augustin,CA,51.226,-58.6502,34.18,78,0,3.76,clear sky
322,Tiznit,MA,29.5833,-9.5,56.57,88,89,11.25,overcast clouds
323,Severnoye,RU,56.3491,78.3619,38.46,99,100,5.28,overcast clouds
324,Samarai,PG,-10.6167,150.6667,78.69,89,99,11.39,overcast clouds
325,Kyra,RU,49.5776,111.9753,36.34,27,100,14.94,overcast clouds
326,Virginia Beach,US,36.8529,-75.978,59.0,96,100,1.01,light rain
327,Hami,CN,42.8,93.45,56.64,11,1,11.01,clear sky
328,Araguacu,BR,-12.9306,-49.8264,73.44,84,100,1.19,overcast clouds
329,Alyangula,AU,-13.8483,136.4192,87.8,58,40,4.61,scattered clouds
330,Bubaque,GW,11.2833,-15.8333,77.38,80,80,10.6,broken clouds
331,Adrar,MR,20.5022,-10.0711,72.75,21,24,11.61,few clouds
332,Goderich,CA,43.7501,-81.7165,41.0,70,84,6.91,broken clouds
333,Passos,BR,-20.7189,-46.6097,66.09,77,76,3.94,broken clouds
334,Koygorodok,RU,60.445,50.9968,47.08,90,95,5.61,overcast clouds
335,Dandong,CN,40.1292,124.3947,55.76,46,15,18.12,few clouds
336,Saint-Pierre,RE,-21.3393,55.4781,75.2,78,0,5.75,light rain
337,Gola Gokarannath,IN,28.0833,80.4667,89.98,12,100,6.08,overcast clouds
338,Constitucion,CL,-35.3333,-72.4167,55.9,79,4,8.52,clear sky
339,Prado,BR,-17.3411,-39.2208,71.98,81,84,7.92,broken clouds
340,Bensonville,LR,6.4461,-10.6125,76.17,89,81,2.08,broken clouds
341,Galle,LK,6.0367,80.217,82.72,73,86,1.88,overcast clouds
342,Kaabong,UG,3.4836,34.1492,64.76,78,38,9.22,scattered clouds
343,Walla Walla,US,46.0646,-118.343,62.6,23,1,19.57,clear sky
344,Sungairaya,ID,0.7,108.9,87.24,62,81,1.12,broken clouds
345,Klaeng,TH,12.7797,101.6483,91.99,67,58,5.28,broken clouds
346,Celestun,MX,20.8667,-90.4,79.72,77,54,14.72,broken clouds
347,Rosario,AR,-32.9468,-60.6393,66.0,82,0,2.3,clear sky
348,Senanga,ZM,-16.1167,23.2667,61.11,81,80,2.3,broken clouds
349,Tazovskiy,RU,67.4667,78.7,31.87,99,100,10.87,snow
350,Guilin,CN,25.2819,110.2864,62.6,94,90,2.24,overcast clouds
351,Jizan,SA,17.3333,42.6667,82.4,74,20,1.81,few clouds
352,Great Falls,US,47.5002,-111.3008,32.0,86,90,6.91,light snow
353,Broken Hill,AU,-31.95,141.4333,64.4,45,96,11.5,overcast clouds
354,Kichmengskiy Gorodok,RU,59.9816,45.7854,43.79,90,100,7.74,overcast clouds
355,Bonavista,CA,48.6499,-53.1147,32.0,93,7,2.3,clear sky
356,Priargunsk,RU,50.3691,119.1012,40.57,34,100,7.56,overcast clouds
357,Torres,BR,-29.3353,-49.7269,64.94,81,97,6.93,overcast clouds
358,Qui Nhon,VN,13.7667,109.2333,82.76,68,59,9.82,broken clouds
359,Bayangol,RU,50.6977,103.4656,31.93,38,100,8.97,overcast clouds
360,Savinskiy,RU,62.9342,40.1361,29.88,90,31,5.17,scattered clouds
361,Lincoln,US,40.8,-96.667,43.0,49,1,6.91,clear sky
362,Rorvik,NO,64.8621,11.2373,40.35,89,100,21.18,light rain
363,Victoria Point,AU,-27.5833,153.3,77.0,61,20,10.36,few clouds
364,Kamaishi,JP,39.2667,141.8833,50.0,50,75,12.66,broken clouds
365,Mar Del Plata,AR,-38.0023,-57.5575,64.0,88,0,5.75,clear sky
366,Kungurtug,RU,50.5994,97.5228,32.13,75,94,17.69,light snow
367,Axim,GH,4.8699,-2.2405,79.61,85,100,6.76,overcast clouds
368,Sao Felix Do Xingu,BR,-6.6447,-51.995,72.16,97,100,1.28,overcast clouds
369,Port Hawkesbury,CA,45.6169,-61.3485,33.01,86,1,3.44,clear sky
370,Laguna,US,38.421,-121.4238,68.0,37,1,13.8,clear sky
371,Narrabri,AU,-30.3167,149.7833,80.6,26,90,9.22,overcast clouds
372,Grand Baie,MU,-20.0182,57.5802,75.0,87,81,4.0,light rain
373,Katherine,AU,-14.4667,132.2667,91.4,38,41,6.91,scattered clouds
374,Antofagasta,CL,-23.65,-70.4,62.6,77,75,10.36,broken clouds
375,Roma,US,43.2128,-75.4557,53.6,50,90,5.75,overcast clouds
376,Gamba,GA,-2.65,10.0,74.75,86,100,4.0,overcast clouds
377,El Retorno,CO,2.3302,-72.6276,71.26,96,95,0.72,overcast clouds
378,Molteno,ZA,-31.3968,26.3625,55.81,45,13,1.92,few clouds
379,Tuatapere,NZ,-46.1333,167.6833,63.0,71,100,5.01,overcast clouds
380,Kursavka,RU,44.4564,42.5093,35.6,100,48,8.95,scattered clouds
381,Kayerkan,RU,69.3497,87.7602,11.64,91,100,10.07,light snow
382,Comodoro Rivadavia,AR,-45.8667,-67.5,59.0,38,0,14.97,clear sky
383,Aykhal,RU,66.0,111.5,20.64,85,95,6.55,overcast clouds
384,Santo Tomas,PH,14.1079,121.1414,89.01,66,75,8.05,broken clouds
385,Eselnita,RO,44.6992,22.3622,36.61,92,70,9.75,broken clouds
386,Tigil,RU,57.8,158.6667,33.51,100,100,10.49,light snow
387,General Roca,AR,-39.0333,-67.5833,55.4,67,0,10.09,clear sky
388,San Quintin,MX,30.4833,-115.95,56.3,72,87,16.15,overcast clouds
389,Kieta,PG,-6.2167,155.6333,82.78,78,100,7.63,light rain
390,Salto,UY,-31.3833,-57.9667,68.0,92,7,5.37,clear sky
391,Carballo,ES,43.213,-8.691,51.01,71,0,2.3,clear sky
392,Huilong,CN,31.8111,121.655,54.14,62,100,14.7,overcast clouds
393,Takaka,NZ,-40.85,172.8,61.0,87,58,1.99,light rain
394,Misratah,LY,32.3754,15.0925,59.74,76,98,6.82,overcast clouds
395,Port Hedland,AU,-20.3167,118.5667,86.0,45,48,16.11,scattered clouds
396,Wisla,PL,49.6563,18.8591,34.0,36,100,5.01,light snow
397,Datong,CN,40.0936,113.2914,57.33,15,1,31.41,clear sky
398,Kalmunai,LK,7.4167,81.8167,82.56,72,86,6.31,overcast clouds
399,Envira,BR,-7.3,-70.2167,72.18,93,88,2.15,overcast clouds
400,Usinsk,RU,65.9939,57.5281,31.03,74,100,20.31,overcast clouds
401,Pitimbu,BR,-7.4706,-34.8086,77.0,100,20,4.61,few clouds
402,Conakry,GN,9.538,-13.6773,77.97,74,98,6.26,light rain
403,Kiunga,PG,-6.1219,141.2906,90.79,46,57,3.56,broken clouds
404,Flinders,AU,-34.5833,150.8552,77.0,40,0,7.0,clear sky
405,Maraa,BR,-1.8333,-65.3667,72.28,99,100,2.13,overcast clouds
406,Kyshtovka,RU,56.555,76.6271,40.08,99,100,7.11,overcast clouds
407,Tsubata,JP,36.6667,136.7333,57.0,47,6,8.01,clear sky
408,Panzhihua,CN,26.5851,101.7128,70.0,30,3,0.72,clear sky
409,Priiskovyy,RU,51.9333,116.6333,39.07,25,100,5.66,overcast clouds
410,Dongying,CN,37.4564,118.4856,67.46,33,83,15.57,broken clouds
411,Baherden,TM,38.4362,57.4316,66.02,28,51,0.81,broken clouds
412,Kropotkin,RU,45.4375,40.5756,44.46,91,14,5.26,few clouds
413,Saint-Leu,RE,-21.15,55.2833,75.2,78,0,5.75,clear sky
414,Mangan,IN,27.5167,88.5333,79.41,31,23,5.19,few clouds
415,Paamiut,GL,61.994,-49.6678,23.47,77,57,27.83,broken clouds
416,Adamovka,RU,51.5223,59.9396,43.95,64,1,6.31,clear sky
417,La Palma,US,33.8464,-118.0467,59.0,67,75,9.22,broken clouds
418,Port-Gentil,GA,-0.7193,8.7815,81.01,78,100,3.0,overcast clouds
419,Gorele,TR,41.0308,39.0031,51.8,76,0,2.3,clear sky
420,Umm Lajj,SA,25.0213,37.2685,72.73,53,0,9.19,clear sky
421,Moron,AR,-34.6534,-58.6198,69.01,86,0,4.76,clear sky
422,Tocopilla,CL,-22.092,-70.1979,67.08,70,10,5.97,clear sky
423,Cangzhou,CN,38.3167,116.8667,69.96,35,23,21.09,few clouds
424,Hare Bay,CA,48.8499,-54.0148,30.2,93,13,2.3,few clouds
425,Mecca,SA,21.4267,39.8261,75.54,40,61,0.36,broken clouds
426,Sayyan,YE,15.1718,44.3244,56.91,67,44,1.48,scattered clouds
427,Amurrio,ES,43.05,-3.0,42.01,93,0,2.3,clear sky
428,Sena Madureira,BR,-9.0656,-68.6569,74.08,90,98,2.66,overcast clouds
429,Luebo,CD,-5.35,21.4167,64.47,98,100,1.43,overcast clouds
430,Nabire,ID,-3.3667,135.4833,88.43,57,83,4.34,broken clouds
431,Elizabeth City,US,36.2946,-76.2511,61.0,88,90,5.75,moderate rain
432,Acajutla,SV,13.5928,-89.8275,75.0,87,97,1.01,overcast clouds
433,Naze,JP,28.3667,129.4833,69.8,60,75,10.36,broken clouds
434,Akot,IN,21.0964,77.0586,84.11,32,0,3.89,clear sky
435,Mandalgovi,MN,45.7625,106.2708,30.16,34,1,23.33,clear sky
436,Khonsa,IN,27.0167,95.5667,82.74,25,92,4.07,overcast clouds
437,Bardiyah,LY,31.7561,25.0865,65.35,44,9,4.47,clear sky
438,Neiafu,TO,-18.65,-173.9833,82.4,69,40,4.61,scattered clouds
439,Svetlogorsk,BY,52.6333,29.7333,46.83,88,100,5.97,overcast clouds
440,Port Macquarie,AU,-31.4333,152.9167,81.0,45,11,1.99,few clouds
441,Kautokeino,NO,69.0125,23.0412,26.1,77,100,20.2,overcast clouds
442,Baruun-Urt,MN,46.6806,113.2792,30.99,77,100,28.21,light snow
443,Pozoblanco,ES,38.3791,-4.8483,55.4,94,75,1.05,mist
444,Atar,MR,20.5169,-13.0499,74.68,23,91,9.35,overcast clouds
445,Waitati,NZ,-45.75,170.5667,61.0,79,7,8.99,clear sky
446,Arrecife,ES,28.963,-13.5477,68.0,77,40,6.91,scattered clouds
447,Cockburn Town,TC,21.4612,-71.1419,74.03,64,2,12.68,clear sky
448,Liyang,CN,29.7057,118.2862,66.99,84,100,1.74,overcast clouds
449,Lodja,CD,-3.4833,23.4333,66.42,99,90,1.79,overcast clouds
450,Dmitriyevka,RU,54.75,55.3333,39.2,81,0,4.47,clear sky
451,Quatre Cocos,MU,-20.2078,57.7625,77.0,88,75,2.3,light rain
452,Nioro,GM,13.35,-15.75,76.24,46,0,6.22,clear sky
453,Abnub,EG,27.2696,31.1511,57.2,62,0,6.78,clear sky
454,Maniitsoq,GL,65.4167,-52.9,20.03,82,100,19.28,overcast clouds
455,Kununurra,AU,-15.7667,128.7333,91.4,29,14,4.61,few clouds
456,Dawlatabad,AF,36.4141,64.9053,63.82,30,99,1.5,overcast clouds
457,Yabrud,SY,33.9674,36.6574,51.01,45,50,5.99,scattered clouds
458,Tevriz,RU,57.509,72.4042,48.61,85,62,7.49,broken clouds
459,Bilibino,RU,68.0546,166.4372,14.49,67,1,3.58,clear sky
460,Pampa,US,35.5362,-100.9599,51.8,61,90,13.8,overcast clouds
461,San Felipe,VE,10.3399,-68.7425,75.33,86,100,4.61,overcast clouds
462,Jishou,CN,28.3167,109.7167,65.95,75,100,2.28,overcast clouds
463,Taltal,CL,-25.4,-70.4833,63.61,79,9,3.91,clear sky
464,Garden City,US,42.3256,-83.331,44.01,52,40,9.22,scattered clouds
465,Egvekinot,RU,66.3167,-179.1667,14.95,78,13,1.03,few clouds
466,Baykit,RU,61.67,96.37,27.0,75,99,8.25,overcast clouds
467,Toowoomba,AU,-27.55,151.9667,75.2,41,0,6.91,clear sky
468,Winnemucca,US,40.973,-117.7357,50.0,32,75,9.22,broken clouds
469,Yerbogachen,RU,61.2767,108.0108,29.19,68,38,8.14,scattered clouds
470,Joigny,FR,47.9829,3.401,30.99,86,0,9.22,clear sky
471,Port Blair,IN,11.6667,92.75,85.32,66,100,1.66,overcast clouds
472,Marsaxlokk,MT,35.8419,14.5431,57.0,82,0,3.44,clear sky
473,Mount Isa,AU,-20.7333,139.5,93.2,24,0,6.91,clear sky
474,Barreirinhas,BR,-2.7469,-42.8264,75.92,93,99,6.08,overcast clouds
475,Kostino,RU,58.9097,53.2691,46.09,87,9,6.67,clear sky
476,Katangli,RU,51.7102,143.2326,29.34,73,99,16.37,light snow
477,Buraydah,SA,26.326,43.975,64.4,36,0,5.75,clear sky
478,Praia,CV,14.9215,-23.5087,71.6,64,0,16.11,clear sky
479,Chabahar,IR,25.2919,60.643,80.96,57,36,5.61,scattered clouds
480,Juneau,US,58.3019,-134.4197,42.8,81,90,3.2,light rain
481,Rocha,UY,-34.4833,-54.3333,57.74,93,48,6.02,scattered clouds
482,Husavik,IS,66.0449,-17.3389,39.2,75,75,4.61,broken clouds
483,Straumen,NO,63.8709,11.2999,39.99,93,40,5.75,scattered clouds
484,Ostrovnoy,RU,68.0531,39.5131,26.13,84,84,26.02,broken clouds
485,Safaga,EG,26.7292,33.9365,66.2,24,0,4.61,clear sky
486,Nouadhibou,MR,20.931,-17.0347,66.2,88,40,23.02,scattered clouds
487,Blagoveshchensk,RU,50.2667,127.5333,42.8,28,0,6.71,clear sky
488,Sao Jose Da Coroa Grande,BR,-8.8978,-35.1478,76.5,87,41,6.08,moderate rain
489,Shahrud,IR,36.4182,54.9763,59.94,45,100,6.46,overcast clouds
490,Port Augusta,AU,-32.5,137.7667,68.0,40,64,9.22,broken clouds
491,Skeldon,GY,5.8833,-57.1333,75.87,92,99,4.0,overcast clouds
492,Batagay-Alyta,RU,67.8006,130.4114,11.61,73,22,2.66,few clouds
493,Daitari,IN,21.1,85.75,88.79,28,100,5.14,overcast clouds
494,La Macarena,CO,2.1837,-73.7849,70.48,98,95,0.56,overcast clouds
495,Ribeira Grande,PT,38.5167,-28.7,61.52,89,32,7.63,scattered clouds
496,Gomel,BY,52.4345,30.9754,52.0,93,90,4.47,light rain
497,Humberto De Campos,BR,-2.5983,-43.4611,76.39,93,100,5.39,overcast clouds
498,Nanortalik,GL,60.1432,-45.2371,32.22,90,51,12.21,broken clouds
499,Hualmay,PE,-11.0964,-77.6139,66.56,85,86,7.09,overcast clouds
500,Jalgaon,IN,21.0167,75.5667,85.42,34,0,6.91,clear sky
501,Ottawa,CA,45.4112,-75.6981,52.0,76,20,6.91,few clouds
502,Bac Lieu,VN,9.285,105.7244,87.24,60,83,6.53,broken clouds
503,Fort-Shevchenko,KZ,44.5086,50.263,49.95,91,0,15.23,clear sky
504,Nelson Bay,AU,-32.7167,152.15,77.0,41,0,5.75,clear sky
505,Kitui,KE,-1.367,38.0106,62.83,97,92,3.15,overcast clouds
506,Hunterville,NZ,-39.9333,175.5667,63.0,79,87,8.01,overcast clouds
507,Aborlan,PH,9.4352,118.5492,80.6,83,90,4.61,moderate rain
508,Remedios,CU,22.4947,-79.5458,71.6,83,1,11.5,light rain
509,Tanout,NE,14.9709,8.8879,78.03,6,2,10.89,clear sky
510,Serebryansk,KZ,49.6925,83.2892,39.2,75,2,2.24,clear sky
511,Talara,PE,-4.5772,-81.2719,70.09,80,35,11.3,scattered clouds
512,Kazachinskoye,RU,57.6953,93.2761,33.49,67,97,7.36,overcast clouds
513,Lorengau,PG,-2.0226,147.2712,83.98,70,61,4.79,broken clouds
514,Challans,FR,46.8436,-1.8749,37.4,65,0,8.05,clear sky
515,Pangody,RU,65.85,74.4859,37.65,100,100,20.13,moderate rain
516,Perth,AU,-31.9333,115.8333,73.99,46,20,16.11,few clouds
517,Futtsu,JP,35.3053,139.8186,60.8,29,40,12.66,scattered clouds
518,Thinadhoo,MV,0.5333,72.9333,81.97,64,14,3.11,few clouds
519,Myaundzha,RU,63.0494,147.1858,12.49,75,100,3.87,overcast clouds
520,Massakory,TD,12.996,15.7293,80.19,7,1,9.28,clear sky
521,Mercedes,AR,-34.6515,-59.4307,60.01,90,0,1.01,clear sky
522,Foumban,CM,5.7291,10.9001,65.64,86,100,4.83,overcast clouds
523,Trabzon,TR,40.9167,39.8333,51.8,76,0,2.3,clear sky
524,Bitkine,TD,11.9801,18.2138,80.37,7,43,7.56,scattered clouds
525,Kottayam,IN,9.5833,76.5167,82.4,78,20,2.33,haze
526,Nyrob,RU,60.733,56.7202,44.82,89,80,7.96,broken clouds
527,Viking,CA,53.1001,-111.7684,53.6,20,8,3.44,clear sky
528,Gasa,PS,31.5,34.4667,55.0,71,0,3.44,clear sky
529,Ziyang,CN,29.2497,117.8547,58.89,89,100,2.13,overcast clouds
530,Celadna,CZ,49.5487,18.3376,33.8,100,90,8.05,light snow
531,Asau,RO,46.4333,26.4,39.0,67,100,4.0,overcast clouds
532,Uusikaupunki,FI,60.8004,21.4084,28.4,86,0,2.3,clear sky
533,Puerto Madryn,AR,-42.7692,-65.0385,68.04,45,98,9.64,overcast clouds
534,Whyalla,AU,-33.0333,137.5833,68.0,40,46,9.22,scattered clouds
535,Nunoa,PE,-14.48,-70.6411,38.19,81,55,5.44,broken clouds
536,Ust-Tsilma,RU,65.441,52.1498,32.76,74,97,10.83,overcast clouds
537,Dicabisagan,PH,17.0818,122.4157,85.46,61,11,5.17,few clouds
538,Iqaluit,CA,63.7506,-68.5145,-2.2,71,1,13.8,clear sky
539,Trinidad,BO,-14.8333,-64.9,73.51,88,44,3.0,scattered clouds
540,Witney,GB,51.7836,-1.4854,35.6,80,0,8.05,clear sky
541,Mizan Teferi,ET,6.9833,35.5833,61.95,92,99,3.2,light rain
542,Polunochnoye,RU,60.8697,60.4153,49.95,65,100,13.11,overcast clouds
543,Stephenville,US,32.2207,-98.2023,64.4,72,90,8.05,overcast clouds
544,Labrea,BR,-7.2586,-64.7981,73.47,98,85,2.01,overcast clouds
545,Amahai,ID,-3.3333,128.9167,85.21,62,81,7.74,broken clouds
546,Gillette,US,44.2911,-105.5022,30.2,69,90,9.22,overcast clouds
547,Magdagachi,RU,53.45,125.8,36.43,52,24,4.59,few clouds
548,Maumere,ID,-8.6199,122.2111,84.65,63,54,6.67,broken clouds
549,Camocim,BR,-2.9022,-40.8411,76.19,91,96,9.26,overcast clouds
550,Iracoubo,GF,5.4802,-53.2011,78.01,90,98,7.9,overcast clouds
551,Oranjemund,NA,-28.55,16.4333,76.24,30,0,7.27,clear sky
552,Buala,SB,-8.145,159.5921,84.54,70,41,2.75,light rain
553,Valdez,EC,1.2492,-78.9831,78.4,84,100,10.47,light rain
554,Faya,SA,18.3851,42.4509,62.6,59,0,2.55,clear sky
555,Wucheng,CN,29.6008,118.175,66.99,84,100,1.48,overcast clouds
556,Golyshmanovo,RU,56.3979,68.3728,51.01,86,16,8.86,few clouds
557,Arman,RU,59.7,150.1667,27.01,76,99,9.6,overcast clouds
558,Kathmandu,NP,27.7167,85.3167,64.4,63,20,3.44,mist
559,Barcelos,PT,41.5388,-8.6151,60.01,88,0,6.91,clear sky
560,Muisne,EC,0.6,-80.0333,76.53,85,100,6.2,overcast clouds
561,Vaitape,PF,-16.5167,-151.75,82.18,73,100,11.16,overcast clouds
562,Loganville,US,33.839,-83.9007,64.99,77,90,4.61,overcast clouds
563,Puerto Del Rosario,ES,28.5004,-13.8627,68.0,73,0,6.91,clear sky
564,Estrela,BR,-28.0611,-50.9383,54.57,90,100,6.06,overcast clouds
565,Imbituba,BR,-28.24,-48.6703,66.2,94,0,8.03,clear sky
566,Lazaro Cardenas,MX,17.9583,-102.2,74.66,77,0,4.09,clear sky
567,Maua,BR,-23.6678,-46.4614,63.0,82,0,10.36,clear sky
568,Hailey,US,43.5196,-114.3153,37.4,75,90,8.05,light snow
569,Kabanjahe,ID,3.1001,98.4908,84.2,84,75,6.91,broken clouds
570,San-Pedro,CI,4.7485,-6.6363,79.27,86,97,5.19,overcast clouds
571,Jutai,BR,-5.1833,-68.9,72.59,98,100,3.22,light rain
572,Angoche,MZ,-16.2325,39.9086,73.94,81,58,7.54,broken clouds
573,Jawor,PL,51.0513,16.1935,34.0,74,100,6.38,snow
574,Kaitong,CN,44.8135,123.15,55.54,25,99,14.92,overcast clouds
575,Sambava,MG,-14.2667,50.1667,73.56,90,67,6.11,broken clouds
576,Campbellton,CA,48.0075,-66.6727,35.6,87,1,4.61,clear sky
577,Zyryanovsk,KZ,49.7386,84.2719,33.69,96,64,0.85,broken clouds
578,Birin,NP,26.8865,88.0718,77.27,21,46,5.44,scattered clouds
579,Ranfurly,NZ,-45.1333,170.1,63.0,52,15,1.99,few clouds
580,Santa Luzia,BR,-19.7697,-43.8514,66.2,63,0,4.61,clear sky
581,Sechura,PE,-5.5569,-80.8222,72.23,70,62,14.65,broken clouds
582,Ariquemes,BR,-9.9133,-63.0408,72.39,97,100,1.39,moderate rain
583,Konya,TR,38.1667,32.5,51.8,46,75,6.91,light rain
584,Katsina,NG,12.9894,7.6006,77.97,7,29,9.53,scattered clouds
585,Montepuez,MZ,-13.1256,38.9997,66.04,96,100,6.11,overcast clouds
586,Sabzevar,IR,36.2126,57.6819,65.7,33,92,4.83,overcast clouds
587,Crotone,IT,39.0851,17.1178,47.55,65,83,11.45,broken clouds
588,Alto Araguaia,BR,-17.3147,-53.2153,68.25,57,2,3.49,clear sky
589,Vila Do Maio,CV,15.1333,-23.2167,71.6,64,0,16.11,clear sky
590,Matara,LK,5.9485,80.5353,82.58,75,77,2.3,broken clouds
591,Dong Hoi,VN,17.4833,106.6,83.19,73,64,7.23,broken clouds
592,Dwarka,IN,22.2394,68.9678,81.27,61,34,13.24,scattered clouds
593,Natitingou,BJ,10.3042,1.3796,77.79,41,15,3.2,few clouds
594,Kantilo,IN,20.35,85.1833,82.4,51,75,4.61,haze
595,Miri,MY,4.4148,114.0089,84.2,74,40,3.44,scattered clouds
596,Remerschen,LU,49.4886,6.3517,32.0,86,16,10.36,few clouds
597,Sandominic,RO,46.584,25.7803,39.0,67,100,3.87,overcast clouds
598,Tukrah,LY,32.5341,20.5791,59.47,80,100,10.85,overcast clouds
599,Tarakan,ID,3.3,117.6333,80.6,83,75,4.61,light rain
600,Aswan,EG,24.0934,32.907,70.97,20,0,8.39,clear sky
601,Sorland,NO,67.667,12.6934,41.05,82,100,24.43,overcast clouds
602,Kemijarvi,FI,66.7131,27.4306,26.4,84,27,7.52,scattered clouds
603,Kattivakkam,IN,13.2167,80.3167,75.2,83,75,6.69,moderate rain
604,Alamogordo,US,32.8995,-105.9603,73.99,15,1,10.36,clear sky
605,Yekepa,LR,7.5753,-8.5419,69.62,98,100,0.89,overcast clouds
606,Stolin,BY,51.8912,26.846,43.56,96,100,3.22,overcast clouds
607,Maradi,NE,13.5,7.1017,78.1,7,12,10.56,few clouds
608,Mount Pleasant,US,32.7941,-79.8626,71.01,94,100,11.5,overcast clouds
609,Lazarev,RU,52.225,141.5131,29.21,70,100,14.47,light snow
610,Santa Cruz,BO,-17.8,-63.1667,73.74,67,57,4.72,broken clouds
611,Hauterive,FR,46.0901,3.4459,32.0,64,0,1.72,clear sky
612,Rio Verde De Mato Grosso,BR,-18.9181,-54.8442,76.3,49,31,4.23,scattered clouds
613,Sinnamary,GF,5.3833,-52.95,78.17,90,98,8.43,overcast clouds
614,Broome,US,42.2506,-75.833,52.0,88,98,3.24,overcast clouds
615,Nagua,DO,19.3832,-69.8474,70.02,76,4,6.58,clear sky
616,Falam,MM,22.9167,93.6833,83.48,19,17,1.3,few clouds
617,Tornio,FI,65.8481,24.1466,26.6,74,0,8.05,clear sky
618,Solginskiy,RU,61.05,41.3428,36.48,91,93,6.53,light rain
619,Tuscaloosa,US,33.2098,-87.5692,64.4,88,90,3.06,overcast clouds
620,Presidencia Roque Saenz Pena,AR,-26.7852,-60.4388,75.0,74,86,1.99,overcast clouds
621,Lodwar,KE,3.1191,35.5973,82.06,51,24,5.1,few clouds
622,Garachine,PA,8.0647,-78.3628,79.57,87,100,3.69,overcast clouds
623,Samandag,TR,36.0842,35.9771,48.2,100,75,2.3,broken clouds
624,Itupiranga,BR,-5.1347,-49.3267,73.51,95,97,2.1,overcast clouds
625,Ciudad Guayana,VE,8.3533,-62.6528,82.0,77,55,1.99,broken clouds
626,Meoqui,MX,28.2833,-105.4833,84.2,7,90,9.22,overcast clouds
627,Ajnala,IN,31.8425,74.7589,75.2,50,75,14.97,heavy intensity rain
628,Evensk,RU,61.95,159.2333,18.99,91,100,14.92,snow
629,Vostok,RU,46.4856,135.8833,37.04,34,2,11.18,clear sky
630,Mhlume,SZ,-26.0333,31.85,64.0,95,22,2.91,few clouds
631,Voloiac,RO,44.6167,23.1,42.01,80,70,1.99,broken clouds
632,Summerville,US,33.0185,-80.1757,72.0,64,20,8.05,few clouds
633,Saint-Francois,FR,46.4154,3.9054,32.0,93,0,2.37,clear sky
634,Along,IN,28.1667,94.7667,78.58,48,94,4.05,overcast clouds
635,Salinas,US,36.6777,-121.6555,57.2,67,90,13.8,overcast clouds
636,Guarapari,BR,-20.6667,-40.4975,73.4,78,0,10.36,clear sky
637,Okulovka,RU,58.4008,33.2908,33.94,89,100,7.16,overcast clouds
638,Waingapu,ID,-9.6567,120.2641,84.13,64,15,5.14,few clouds
639,Inirida,CO,3.8653,-67.9239,72.0,99,100,1.66,overcast clouds
640,Shuyskoye,RU,59.3736,41.0305,41.97,87,100,7.67,overcast clouds
641,Ardon,RU,43.17,44.29,33.8,93,10,4.47,clear sky
642,Puerto Colombia,CO,10.9878,-74.9547,80.6,89,40,10.36,scattered clouds
643,Whitehorse,CA,60.7161,-135.0538,42.8,52,75,17.27,broken clouds
644,Prince Rupert,CA,54.3161,-130.3201,50.0,71,1,5.75,clear sky
645,Talcahuano,CL,-36.7167,-73.1167,55.4,88,0,2.3,clear sky
646,Zhigansk,RU,66.7697,123.3711,23.41,89,100,9.15,overcast clouds
647,Khipro,PK,25.8285,69.3772,80.42,59,0,14.92,clear sky
648,Altagracia De Orituco,VE,9.8601,-66.3814,75.2,86,99,2.64,overcast clouds
649,Mumbwa,ZM,-14.9783,27.0619,56.98,78,45,4.32,scattered clouds
650,Bilma,NE,18.6853,12.9164,81.39,8,0,9.19,clear sky
651,Pisco,PE,-13.7,-76.2167,66.2,82,0,8.05,clear sky
652,Wani,IN,20.0667,78.95,89.69,25,41,6.31,scattered clouds
653,College,US,64.8569,-147.8028,46.4,46,75,3.02,broken clouds
654,Agucadoura,PT,41.4318,-8.7804,60.01,88,0,6.91,clear sky
655,Nhulunbuy,AU,-12.2333,136.7667,87.8,55,20,10.36,few clouds
656,Kendal,GB,54.3268,-2.7476,35.01,85,4,3.31,clear sky
657,Tijuana,MX,32.5333,-117.0167,57.0,67,40,14.97,scattered clouds
658,Srednekolymsk,RU,67.45,153.6833,17.11,68,12,8.41,few clouds
659,Waw,SS,7.7029,27.9953,78.15,31,8,4.34,clear sky
660,Kudahuvadhoo,MV,2.6708,72.8944,82.63,64,95,7.25,overcast clouds
661,Kinablangan,PH,7.6947,126.5503,83.7,70,100,4.92,overcast clouds
662,Nacala,MZ,-14.5428,40.6728,70.66,96,92,7.78,light rain
663,Nouakchott,MR,18.0858,-15.9785,73.4,53,100,18.41,overcast clouds
664,Ende,ID,-8.8432,121.6623,85.55,57,29,4.83,scattered clouds
665,Deputatskiy,RU,69.3,139.9,0.25,90,99,4.29,overcast clouds
666,Honiara,SB,-9.4333,159.95,83.59,79,83,3.13,broken clouds
